NRIC,Name,Gender,Blood type,Disease,Age,Zipcode,BMI
F2101452R,Karon Nagel,M,AB,Mumps,70,800654,32.4
S7241770H,Melanie Moore,M,A,Dengue,59,465400,26.1
S0219978R,Juanita Vasquez,M,A,Chickenpox,76,399502,30.1
F9408695J,Valerie Bennett,M,A,Smallpox,69,433964,25.5
F3280653Z,Kenneth Campbell,M,AB,Measles,28,577542,30.0
S7892123P,June Kader,F,B,Smallpox,75,782741,22.6
F8277105J,Robert Cline,F,O,Chikungunya,64,796549,28.8
G6333004C,Miles Cooper,M,B,Conjunctivitis,82,724589,20.4
F3309528Y,Garrett Decarr,F,AB,Mumps,33,156506,33.2
F0585729Y,Ray Cook,F,A,Typhoid,55,759306,39.6
S5192189J,Brenda Moneypenny,F,O,Anthrax,45,405937,24.0
F9895801X,Mary Mitchell,M,AB,Influenza,54,313016,37.7
F6388153U,Otis Haws,F,B,Chikungunya,69,450380,26.4
F1921386B,Anna Smith,M,A,Smallpox,26,141042,34.0
F7886425S,Christopher Ehrlich,F,A,Nipah,78,442154,21.6
T4538480F,William Stiegman,M,B,Nipah,60,486178,28.0
T3584233H,Reginald Caldwell,M,AB,Rubella,87,714431,28.8
T7231488R,Milton Gooden,M,AB,Measles,56,504273,37.9
G9095177D,Henry Barajas,M,B,Influenza,22,564289,37.8
F1073104T,Monica Carlyle,M,B,Diphtheria,34,577419,39.6
S4921550Y,Bryon Hodge,M,AB,Cholera,85,792089,23.5
G8501854K,Marcel Whipple,F,B,Rabies,52,678217,38.7
S0271428Q,Jerry Daniel,F,O,Cholera,34,496275,22.1
F5285737U,Cynthia Brennan,M,B,Malaria,84,327965,27.5
S7803359Q,James Sprecher,M,AB,Typhoid,43,122760,23.2
S6406154U,Gregory Arnold,M,B,Hepatitis,76,798341,33.6
G9641783J,Judy Mozak,M,O,Food Poisoning,88,474431,30.7
T3308248N,Michael Akers,M,O,Chikungunya,83,805106,34.3
G8184854L,Joyce Durbin,M,AB,Conjunctivitis,25,408525,39.4
S2581643J,Suzanne Pychardo,F,B,Malaria,85,540120,34.2
F7919961Z,Gary Vicario,M,AB,Anthrax,24,101497,27.1
G8870592H,Alice Collins,F,AB,Pneumococcal,57,303531,18.9
G8499608R,Keith Nass,F,A,Rabies,21,391832,32.4
G1628216J,Sally Seery,M,A,Measles,83,414764,23.6
F9004537C,Kenneth Corrente,F,O,Chickenpox,30,804314,21.3
G9916897C,Charles Howerton,M,O,Chikungunya,77,646572,29.3
G2269494T,Marilyn Holman,M,O,Dengue,88,556619,37.0
F7810785X,Gwendolyn Buford,F,O,Mumps,57,763878,29.8
G9570506S,Vickie Scruggs,F,B,Conjunctivitis,43,800701,28.4
G5270337C,Michael Cortes,F,AB,Anthrax,28,347504,33.1
T9075848R,Andrew Vigil,F,B,Rabies,56,156800,35.3
F7626063Y,James Hale,F,AB,Diphtheria,53,206655,32.5
F8893143P,Norman Mack,F,O,Rabies,27,507601,26.0
S0964644W,Arturo Shook,M,O,Rabies,45,546982,26.8
G4978857F,Jason Cacho,M,A,Hepatitis,86,541946,21.2
G9168832P,Katrina Henry,F,AB,Cholera,52,448854,39.1
F1555551M,Katelin Gaietto,M,O,Rubella,47,116401,28.8
G9522709L,William Hunter,M,B,Hepatitis,44,764374,28.0
S9926583J,Thomas Rubins,M,A,Cholera,21,225633,25.4
T9484666E,Arleen Johnson,M,AB,Typhoid,34,268758,21.9
T8367422Z,Jed Hansen,M,A,Rabies,65,461800,24.6
G2821377U,Laurie Hoffman,F,B,Plague,48,697614,31.6
T6364087D,Gary Lee,F,B,Plague,86,702243,27.5
G3543819L,Thomas Williams,M,B,Pneumococcal,35,593633,20.8
S0017388V,Stephen Lomax,M,AB,Smallpox,72,460151,19.6
S9578382S,Patty May,M,O,Food Poisoning,40,165006,32.4
T0949864D,Christina Walker,M,B,Chickenpox,44,619792,25.1
G6249802G,Toby Campbell,F,O,Chikungunya,25,298616,22.7
F8454442P,Roslyn Hirst,F,B,Plague,70,206960,20.8
T4366238L,James Mace,M,O,Anthrax,54,139980,25.8
T2489466V,Kevin Cloud,M,A,Influenza,18,633472,31.6
G8729575U,John Duggins,F,A,Hepatitis,36,606518,31.9
G6060392X,Norma Schroeder,F,B,Pneumococcal,40,371436,26.7
G7802578I,Alicia Brown,M,A,Smallpox,74,612688,20.6
F8338548Y,Patricia Marotta,M,AB,Plague,30,414253,25.6
G6949199F,Harry Cook,F,AB,COVID-19,20,777163,23.5
G5824654L,Lisa Hall,M,O,Tuberculosis,37,778132,36.6
S1765499U,Anthony Meyer,F,AB,Pneumococcal,33,570720,36.8
T2656207H,Hulda Evans,F,B,HIV/ AIDS,73,622300,36.5
G4915803A,Mable Brown,F,O,Chickenpox,45,679690,38.4
T2384661V,Nathan Encallado,M,A,Chikungunya,75,402532,38.5
S3170483Z,Mindy Martinez,F,B,Mumps,59,374846,33.9
G5109326O,Esther Looney,M,B,Measles,63,158289,25.6
G7794704E,Janine Swope,M,O,Anthrax,47,588585,33.1
S3628335A,Nicole Schwartz,F,AB,Diphtheria,19,493056,34.1
G1004774L,Janice Holien,F,A,Nipah,26,741481,19.5
G1284471J,Alethia Finnegan,M,AB,Plague,24,666528,29.2
S0982339F,Retta Johnson,M,O,Pneumococcal,67,697934,19.4
G8629278I,Milton Castillo,M,B,Nipah,31,373433,33.2
G1566186Y,Shirley Lemmon,F,O,Rubella,70,340134,26.8
S4736823B,Robert Cooke,M,A,Typhoid,84,179421,18.6
F6820040F,Cindy Mendoza,M,O,Hepatitis,53,732452,24.0
F7265190S,Maria Frezzo,M,B,Typhoid,58,454893,22.5
F1372683Q,Fredrick Todd,F,O,Plague,59,233269,22.3
F0035833Y,William Shiroma,M,AB,Plague,62,524507,21.9
S7494834K,Traci Rush,F,O,Typhoid,38,178443,23.0
S9323467X,Patricia Brooks,F,O,Chickenpox,48,598744,20.0
T5551177W,Chad Beagle,M,O,Smallpox,32,368993,35.1
S1390221P,Lisa Moran,F,O,Anthrax,52,293853,23.9
S6920000X,Reginald Woods,M,A,Hepatitis,75,324507,26.9
S0658073Y,Michael Herrera,M,AB,Measles,42,214968,20.8
S1326218E,Ngoc Durbin,M,A,Tuberculosis,52,421017,28.0
G9850167V,Leon Figures,M,A,Malaria,21,744535,39.5
F6534533H,Melissa Miller,M,O,Anthrax,20,566923,39.8
F9712803T,Wendolyn Cox,M,A,Nipah,52,434366,38.6
T2825763R,Leonardo Tew,M,AB,Smallpox,61,265495,20.3
T3237436Y,John Ferretti,M,A,Influenza,53,646999,31.3
F8620956S,Elsie Delgado,F,B,Cholera,23,134425,34.8
S9646981Z,Diane Leroy,M,AB,Tuberculosis,33,602512,34.8
S2002005Z,Thomas Cullen,F,O,Influenza,84,170548,27.4
T3767468K,Anthony Mcelhaney,M,AB,Typhoid,75,663751,37.7
G7501431A,Jenifer Harper,F,B,Measles,61,514335,21.2
S2801991X,Jason Zastrow,M,AB,Mumps,75,722087,31.4
T7436983N,Shirley Jones,F,A,HIV/ AIDS,26,689749,27.8
S6929165U,Bernard Eaton,M,A,Anthrax,72,239988,34.8
T6918948J,Danielle Warren,F,O,Influenza,30,234013,34.8
T6713637B,Kathy Olson,F,A,Tuberculosis,58,245311,35.0
G3927654O,Alice Hanlin,M,AB,Dengue,36,333182,38.0
S6204188W,Joseph Kittleson,F,A,Conjunctivitis,60,335304,21.1
G8734476C,Beverly Hayworth,M,B,Food Poisoning,30,707960,22.9
T2847130L,Bryan Avalos,F,B,Cholera,20,337543,31.4
S7794664Y,Cheri Moore,M,B,Pneumococcal,26,157503,37.7
F5456569H,Diana Wells,M,AB,Measles,21,322355,31.8
T3943164J,Tina White,F,O,Anthrax,49,291233,39.3
G0551219D,Kenneth Rhein,F,B,Cholera,54,610594,25.3
G0357589S,Adeline Ramsour,F,B,Mumps,81,645053,21.3
G2989850U,Douglas Davis,M,A,Measles,26,466003,21.3
G4259791Y,Patricia Lee,F,A,Rabies,63,176468,38.2
G0647155J,Gary Bailey,M,AB,Influenza,29,659590,30.1
T6129317S,Jessica Legette,F,O,Rabies,50,468861,35.8
F3654765R,Brandy Volo,F,AB,Dengue,42,706755,31.1
G7537482Q,Caroline Hsu,M,O,Rabies,88,512792,19.5
G9073268X,Donna Pipkin,F,AB,Rabies,55,795529,35.2
G0160850G,Susana Griffin,M,B,Conjunctivitis,83,493882,31.9
G4852684G,Benito Baldwin,F,O,Conjunctivitis,46,198296,35.3
S9513945H,Travis West,M,O,Chikungunya,78,684953,19.6
G3604593P,Jose Sutter,M,B,Smallpox,78,312229,21.5
T2930997C,Chris Calvello,M,B,Hepatitis,55,185841,27.2
S6623450B,Jennifer Verstraete,F,A,Dengue,73,430371,23.2
S3853552J,Nancy Hallaway,M,AB,Rubella,43,644468,37.0
T4292467L,Jeanna Engles,F,A,Plague,44,106404,24.2
T8522262V,Donald Johnson,M,AB,Chikungunya,48,737311,22.3
F1019848I,Roberta Yager,M,A,Rubella,61,587095,23.8
F3409205O,Antonia Ashby,M,A,Influenza,62,460978,24.5
F8172111L,Deidra Pignataro,F,AB,Nipah,78,336914,32.0
G0348634V,William South,M,A,Nipah,66,341865,20.6
G9848617W,Leonard Cope,F,B,Pneumococcal,38,729886,29.2
G4126560W,Sondra Ernst,M,AB,Tuberculosis,32,344788,22.4
S4347887S,Edna Harkins,M,A,Chickenpox,60,518678,36.9
F2745515Y,Margaret Taylor,F,O,Pneumococcal,32,642053,24.1
T2816968O,Jonathan Guzman,M,B,Dengue,22,271114,23.1
G5174495A,Mable Hatfield,F,A,COVID-19,89,160492,37.9
F9725288V,Scott Mosher,F,AB,Rubella,80,303250,27.2
F8792538E,Irene Meyer,F,A,Cholera,66,611628,20.4
F3786612M,Beth Zieba,M,A,COVID-19,42,115293,22.6
S1716777G,Rebekah Ruckman,M,A,Nipah,37,751623,29.6
T2859865E,Mary Shaw,F,B,Diphtheria,57,595699,24.4
S0459079N,Travis Ohanlon,F,AB,Chikungunya,65,589479,37.4
G5975620X,Andrew Edwards,F,B,Dengue,33,265211,26.1
G7617273L,David Chasse,M,A,Chikungunya,69,277549,25.1
S0861043L,Susan Buri,F,B,Chikungunya,67,462176,23.2
S8969875Y,Glenn Shaw,F,O,Hepatitis,81,557228,22.9
S8565558I,Benjamin Mohr,M,A,Nipah,20,594417,36.2
F2795625X,Eugene Taylor,M,AB,Nipah,30,137075,24.3
S9607298C,Larry Hughes,F,B,Dengue,67,728754,32.1
G3463196V,Eddie Black,M,A,Pneumococcal,25,282803,26.5
G5666625U,Mark Chase,M,AB,Influenza,47,157048,28.8
T1091205M,Debra Valliere,M,B,COVID-19,70,163134,34.3
F1060578D,Robert Romano,F,AB,Cholera,29,338307,39.4
F7270675Y,Ted Guerrero,M,O,Cholera,33,790545,26.9
F5863012O,Dorothy Sundquist,M,O,Typhoid,18,202016,35.1
G7215679U,Vicky Heckel,M,B,Influenza,48,491998,39.2
G0405747F,Lynn Schroer,M,A,Malaria,45,609531,33.4
G3991590U,Michael Farnham,F,A,Smallpox,52,116934,36.3
S0685800L,Eleanor Sneed,F,A,Smallpox,65,733798,24.3
F5805661A,Randy Cowan,M,O,Tuberculosis,81,150416,26.8
G7407708B,Amy Carl,M,O,Rubella,84,326832,33.1
T5600637Z,Leticia Zapien,F,A,Mumps,53,323017,34.4
T4463532Y,John Walker,F,O,COVID-19,84,163333,30.4
S3327715E,Dallas Wade,F,AB,Anthrax,46,167040,36.7
S5766414L,Elma Boles,F,AB,Chikungunya,22,130991,38.2
S6097843L,Ralph Malone,M,O,Nipah,40,418209,38.7
S3803994O,Stephen Greenawalt,F,O,Malaria,89,300016,21.7
S6224641Z,David Sparks,M,AB,Food Poisoning,50,510999,24.4
T1181191U,Jennifer Strock,M,O,Anthrax,60,626936,28.9
G4545662O,Vince Barron,F,O,Dengue,44,321665,19.5
S3651580Q,Edna Stafford,M,B,Rabies,37,602855,18.9
G5121069B,Roger Vargas,M,B,Rabies,86,334342,39.8
F9938106F,Amy Beasley,M,B,Rabies,44,732040,20.6
T1414869A,Georgia Joe,F,AB,Pneumococcal,60,671013,33.8
S8747136K,Jeff Lockhart,M,AB,Pneumococcal,86,340540,38.2
S2003053Q,Curtis Dennis,M,AB,Plague,31,228964,26.5
G7813642U,Bessie Merrill,M,O,Measles,67,209086,23.2
T0893381P,Shirley Lowell,M,A,Anthrax,83,549230,34.0
F2835645Z,Derek Griggs,M,A,Rabies,63,455106,26.3
G2773445E,Annette Summerlin,M,B,Conjunctivitis,33,735047,37.7
F2299122T,Fanny Stahl,F,A,Diphtheria,25,509778,27.3
G4626548S,Daniel Dorsey,F,A,Chickenpox,64,312233,28.0
F1202289W,Catherine Sietsma,M,AB,Anthrax,25,525508,28.4
T7656374B,Emma Sprinkle,M,O,Influenza,41,577687,36.4
F1869497D,Ora Chavez,M,A,Measles,69,490842,21.6
G8886389Q,Isaac Reyna,F,A,Hepatitis,82,774844,29.1
S2570714D,Wilma Phillips,M,O,Tuberculosis,57,520778,39.1
G2237576G,Camille Pierce,M,O,Chikungunya,50,119055,36.6
F8932350E,Paul Depew,M,O,Cholera,44,142252,28.3
S6014506U,Lynn Kohler,F,B,Plague,61,577729,36.1
F2364556S,Scott Riecke,F,AB,Malaria,45,178662,27.0
S8054901H,Antonio Wolf,M,AB,Conjunctivitis,84,317391,36.4
G5850340O,Steve Conrad,M,A,Chikungunya,47,125318,19.2
S6768546N,Phillip Atkins,F,A,Rabies,47,755699,23.2
G5542055V,John Herring,F,B,Chickenpox,65,636992,28.5
G1900538I,Joseph Pardo,F,O,Influenza,36,668046,33.6
F8927738H,Cindy Espinoza,M,B,Tuberculosis,33,613547,34.0
S4360949O,Marilyn Wright,F,AB,Malaria,43,609480,19.8
G4515406R,Ryan Mendoza,F,AB,Plague,53,343354,37.9
F5164349B,James Scott,F,A,Chickenpox,54,372209,36.5
T8025867H,Evan Todd,M,AB,Nipah,83,366673,27.0
F3060095L,Verna Montano,M,AB,Smallpox,66,744419,26.0
F4830090A,Perry Price,F,O,Typhoid,81,262052,25.1
F3619334K,Numbers Lawing,F,B,Hepatitis,80,395751,23.2
G4597613O,Shannon Autry,F,B,Rabies,45,514403,35.9
F7006869R,Donald Nelson,M,A,Cholera,87,290943,28.1
F4699609J,James Wedgewood,M,AB,Cholera,80,182992,28.5
S0316833I,Elizabeth Williams,M,A,Pneumococcal,68,764806,28.0
T4914752A,Jeremy Holland,M,AB,Typhoid,22,450539,38.7
G9117520D,Helen Stclair,F,B,Smallpox,63,457555,24.2
F6908773Y,Linda Racine,F,B,Smallpox,18,711781,26.6
F9817560B,Bonnie Sumpter,F,A,HIV/ AIDS,70,408046,22.9
S2228040G,Yvonne Lockridge,M,B,Conjunctivitis,58,636612,30.9
T3823312B,Robert Schlarbaum,M,A,Typhoid,60,683809,21.0
G8813154W,Charleen Stauffer,F,O,Typhoid,24,580444,20.5
F7556451G,Naomi Hare,M,A,Tuberculosis,21,340624,29.0
S5053350L,Iris Hiller,M,O,Chikungunya,24,209846,27.6
S3320611S,Kristie Pasco,F,AB,Food Poisoning,44,678415,33.1
S9149459X,Evan Hernandez,F,O,Malaria,49,142958,33.0
F9481814D,Lana Young,F,B,HIV/ AIDS,78,638077,19.2
G9945855M,Mary Reynolds,F,O,Typhoid,88,251544,30.7
T2443593V,Joe Chavez,M,B,Rabies,63,807110,32.4
T4419190W,Tiffany Garnand,F,A,Anthrax,88,597524,30.4
G8504896Y,Linda Matlock,M,B,Food Poisoning,68,115953,22.6
T5936835C,Angela Long,F,O,Typhoid,88,769239,27.0
G8611275G,Barbara Channell,M,AB,COVID-19,60,687109,32.3
G7478038I,Hilda Ferguson,F,A,Hepatitis,33,680713,26.1
F3774720A,Robert Lheureux,F,AB,Typhoid,69,541606,26.3
G8413730Q,Margaret Mccoy,M,O,Plague,45,204400,36.2
F5013840A,Clifford Druvenga,M,AB,Diphtheria,76,345423,19.6
G3575268P,Warren Martinez,M,AB,Mumps,89,475371,39.3
S2233770K,Eva Angelo,M,B,Measles,33,623301,24.9
G8255326Q,Cindy Belcher,M,A,Measles,29,680679,33.1
S4782795R,Russell Keller,M,AB,Plague,84,286088,24.0
T2110780I,Joesph Mccoy,M,B,Anthrax,89,458333,19.2
G2546282F,Cathy Clark,F,O,HIV/ AIDS,84,565250,20.1
T7081071T,Lewis Bauer,F,AB,Conjunctivitis,30,207182,39.9
G5214019V,Florencia Shippee,M,B,Anthrax,65,294133,26.7
F5598923I,Donald Williams,M,O,Smallpox,20,155080,25.4
S1606589V,Frederica Young,M,B,Hepatitis,29,205231,22.0
G2712083U,Karen Arroyo,M,AB,Tuberculosis,70,508696,18.7
T0459543Z,Stacy Hill,M,B,Tuberculosis,48,802403,23.0
G3568430B,Sue Oliveros,M,O,Mumps,73,800017,27.7
S1131559Y,Dennis Dugat,F,B,Conjunctivitis,66,545784,33.7
F3698585N,Amber Frederick,M,B,Typhoid,18,462231,29.4
S4256499N,Brandon Maze,M,B,Influenza,37,490024,23.2
G0081225L,Michele Mcginness,M,O,Tuberculosis,30,707234,39.8
G8751349O,John Mashack,F,B,Rabies,46,283578,20.6
G6075425J,Jannie Luna,M,A,Rabies,87,775287,18.7
F7213561B,Alfred Sharp,M,B,Chickenpox,19,525395,39.2
T2313017U,Juan Carrington,M,O,Mumps,29,181979,31.0
S7122543K,Barbara Calderon,M,B,Anthrax,62,201656,21.6
S7981148Z,Ronald Melancon,M,AB,Malaria,53,636800,35.3
T5497829D,Carlton Brueckman,F,A,Dengue,72,600059,20.1
G1706973L,Juan Corona,F,AB,Nipah,19,386351,36.7
S3386802A,Phyllis Frye,M,O,Hepatitis,58,300366,30.7
F7182538D,Walter Rzeczycki,F,AB,Pneumococcal,52,437084,33.9
S8980471M,Charlotte Rondeau,F,B,Rabies,55,102301,22.2
S4454101C,Howard Sisk,F,B,Tuberculosis,40,225620,20.9
S7842014S,Erica Sheroan,M,A,Pneumococcal,52,741124,39.8
S2283675L,Tammy Arnold,F,AB,Dengue,61,118615,36.3
S5314000P,Amber Anderson,M,AB,Rabies,62,709616,37.9
G5030758B,Sheri Brown,M,O,Rubella,69,135889,24.3
G0115049K,Margaret Becker,F,A,Anthrax,31,728191,24.6
G7432954V,Danny Lawrence,M,O,COVID-19,18,711007,26.9
G7744253E,Bryan Stonge,F,A,Tuberculosis,80,688395,24.2
S9459696L,Robert Reyes,F,A,HIV/ AIDS,30,519610,35.3
S6899980V,George Smith,M,A,Conjunctivitis,26,764272,19.6
T4677348J,Charles Clark,F,B,Tuberculosis,34,171414,18.7
G7946792I,Bryan Tritto,M,AB,HIV/ AIDS,20,303214,24.0
F2476200G,Michelle Mcguire,M,AB,Measles,19,732734,30.3
F8509875B,Gladys Redenz,M,B,Chickenpox,87,552860,27.7
F0609947O,Pamela Travers,M,AB,HIV/ AIDS,43,178001,33.6
F0462527F,Irene Monroe,M,AB,Cholera,22,802133,34.3
G8307323I,Marion Rubin,M,AB,Smallpox,46,508623,34.5
F0367424E,Hilary Butler,M,AB,Hepatitis,42,582278,35.1
T0597654N,Eduardo Athearn,M,B,Smallpox,39,346525,31.0
F5741940T,Irvin Hendricks,M,A,Rubella,31,105871,30.4
G9737865X,Forrest Solomon,F,O,Chickenpox,82,340926,25.7
F1640019F,Richard Salinas,F,A,Nipah,59,392438,32.8
T4809416Z,Tammy Garfinkle,M,A,Malaria,77,344815,31.4
T7564347N,Tommy Kallin,F,B,Malaria,59,375841,24.5
G0707196L,Jeff Morris,F,AB,Dengue,60,630199,24.1
F3018109C,Alice Nguyen,M,O,Measles,19,468411,23.9
G5149283R,Julius Burton,M,B,Cholera,30,642706,32.7
G5287541W,Katlyn Laravie,F,B,Hepatitis,84,196182,22.2
F4511379G,Geraldine Carp,F,A,COVID-19,71,591015,21.9
G6458177Z,Mary Cureton,M,B,Diphtheria,67,462776,38.4
T8312631T,Donna Morehouse,F,B,HIV/ AIDS,71,763455,20.1
S3344990N,Thomas Stone,F,AB,HIV/ AIDS,60,132480,31.4
S3173670F,David Demott,M,AB,Smallpox,58,266821,29.8
F6405475N,Salvador Jones,F,O,Tuberculosis,88,580051,20.4
G9108921O,Cruz Guerrero,M,B,Influenza,51,529422,29.6
S7420750V,Pierre Moultrie,M,A,COVID-19,89,669129,33.9
S0141466K,Hattie Self,F,AB,Smallpox,29,148656,33.2
G4815633Y,John Long,M,B,Food Poisoning,47,508254,32.7
T7296403I,Brenda Barnes,M,O,Rabies,56,445144,33.4
G2715381D,Christopher Voigt,M,O,Rubella,83,455058,22.1
F4050008A,Russell Griffin,M,B,Tuberculosis,86,760040,28.7
G8566338A,Martin Lafromboise,F,AB,Plague,29,537130,26.8
G3807540Z,Maybelle Bartels,F,A,Measles,53,761460,27.2
S3751185O,Dale Selvester,F,A,Conjunctivitis,35,805288,19.4
S1046510X,Kimberly Mcilvaine,F,A,COVID-19,22,611294,24.6
S1560489G,Shannon Brixey,M,AB,Rubella,48,460811,36.4
F9245691U,Gerald Gray,M,AB,Diphtheria,32,183248,24.3
G0369435I,Susan Barnes,F,AB,Hepatitis,20,797062,31.4
T5239181M,Alex Bennett,F,AB,Anthrax,81,373247,34.3
G4679402H,Hazel Mobley,M,A,Food Poisoning,76,452291,35.5
F6290936M,Lottie Greenberg,M,AB,Plague,19,141280,27.4
F2316618U,Warren Flakes,F,B,Pneumococcal,55,485855,27.6
G7554950U,Dorothy Hackworth,M,AB,Rubella,29,699499,29.5
F4031747H,Martha Guthmiller,M,A,Nipah,75,474848,33.0
F1745965T,Jerold Gregg,F,AB,Mumps,33,448415,33.9
T0195951W,Kelly Scott,M,AB,Plague,38,439830,19.6
T4166732V,Louis Kelly,M,A,Diphtheria,18,429638,33.8
T7352543K,Deborah Wright,F,B,Rubella,19,533230,38.7
T3910298G,Scott Justen,F,O,Diphtheria,55,249800,28.1
G7141904U,Curtis Glaspie,F,B,Rabies,25,647987,26.3
F2798661F,Mary Boyter,M,B,Measles,56,289649,25.8
S7121759X,Colleen Sperling,M,AB,Chikungunya,24,440588,37.6
F6869859H,Kerry Whitehead,M,B,Pneumococcal,63,787128,34.3
G1107125G,Zachary James,M,B,Plague,42,579410,22.3
F9050482Y,Bobby Ragsdale,F,A,Rubella,32,226059,35.6
G1546049F,Martin Bouton,M,B,Food Poisoning,76,575752,37.2
G0635047K,Sydney Murphy,M,AB,Hepatitis,44,774921,22.4
G3094777X,Fay Sampson,M,B,COVID-19,58,618116,36.4
F2151250Q,William Taylor,M,B,Rubella,87,786565,39.7
G1915197S,Allison Roldan,M,O,Chickenpox,30,685903,28.1
G0833896Q,Cornelius Brack,M,A,Malaria,55,776624,35.4
G9574052U,Robert Chisholm,M,AB,Tuberculosis,83,375942,29.4
S3156749S,Phyllis Woodson,M,B,Rubella,86,735471,25.9
G7148064I,Ethan Figueroa,M,O,Chikungunya,50,134696,30.4
T2606320O,Sharon Mckenna,M,O,Measles,79,545014,33.9
G0555805X,Joshua Mcquaid,F,AB,Plague,24,657624,33.3
F2468204S,Shawn Moretto,M,O,COVID-19,82,471700,27.5
F4610360A,Rachel Wilson,F,B,Diphtheria,86,710057,35.1
G4468427S,Terry Long,F,B,Rubella,57,587104,22.8
G9526407M,James Jones,M,B,Rubella,43,711376,27.1
G7250907D,Robert Demartino,F,AB,Typhoid,54,233650,35.9
F6875667S,William White,F,AB,Rubella,42,458589,34.5
F6378438N,John Weston,F,B,Dengue,32,671428,30.8
G9757545I,Tracy Saddler,M,B,Conjunctivitis,42,360234,38.9
S1738374H,Cheryl Otsuka,M,B,Influenza,53,210460,21.0
S2596173D,Earl Hardy,M,O,Conjunctivitis,42,516086,20.1
S1095641Y,Tammy Olivas,F,A,Rubella,54,540232,21.9
G9268927V,Debbie Ahern,M,A,Dengue,83,763598,31.6
T1806886A,Sherry Johnson,F,A,Dengue,68,111197,22.6
T2596606L,Jeremy Saldana,F,O,COVID-19,60,607617,26.1
G5573754J,James Hubbard,M,B,Cholera,23,513717,33.5
S8512829C,Houston Prosser,F,O,Malaria,59,423198,28.3
T2000909W,Cathy Whisby,M,A,Plague,48,568576,20.5
F1556126W,Elizabeth Batchelor,F,B,COVID-19,81,453853,34.6
F6110357C,Lee Wells,M,A,Hepatitis,63,490103,37.3
G1318260T,Marc Wesler,F,A,Plague,34,798951,34.1
S9210367D,John Burnette,M,AB,Cholera,28,244526,36.7
F8567098Q,Nathan Meath,M,O,Rubella,79,716012,32.6
G0842159I,Susan Kelly,F,O,Chikungunya,34,303138,39.1
S1981075N,Jonathon Villela,F,B,Mumps,76,644583,29.6
G3400092J,Sidney Mangual,F,B,Dengue,78,686500,26.6
S2261799H,Billy Ganley,F,O,Influenza,40,648347,22.7
F3869132U,Scott Faria,F,A,Nipah,43,622454,25.8
G7577756Q,Angel Wolcott,F,B,Typhoid,39,338219,26.1
S9640349A,Mattie Larson,F,O,Typhoid,43,731521,39.3
S5470977W,Marion Mitchell,F,AB,Anthrax,71,618025,34.8
S0021456N,Sophie Bray,F,A,Rubella,78,529058,24.5
G1589298F,Terry Radford,F,A,Chickenpox,41,582887,32.1
G8006385N,Adrian Benavidez,F,AB,Malaria,86,691065,21.0
F6826257S,Eduardo Watson,M,B,Influenza,41,203696,33.9
S2946031N,Buddy Shelton,F,A,Chickenpox,74,602218,33.2
F9937125N,Hunter Gaunt,M,O,COVID-19,85,612455,20.0
T2779739C,Ronnie Harris,M,AB,Plague,56,399920,36.2
F1521617C,Edward Simmions,M,B,Plague,21,379380,32.6
S4476790U,Richard Christensen,F,B,Influenza,78,503984,33.8
S6420148Q,Lisa French,M,O,Rabies,19,329500,29.3
G3309984I,Elaine Allen,M,AB,Hepatitis,55,806833,32.2
S3114702U,Amanda Belcher,M,A,Dengue,59,765733,21.4
G2265456Q,Anthony Vasquez,M,B,Mumps,36,133957,35.7
F7676825E,Christopher Burge,F,A,Anthrax,47,556837,34.5
T5084788O,Sonya Griffin,F,O,Anthrax,65,731886,19.2
S1468035F,Goldie Steckler,M,O,Chikungunya,41,642157,33.5
G2346618T,Kelly Goldade,F,B,Dengue,23,319132,39.8
S2266901D,Nicolas Mcghee,F,A,Tuberculosis,64,650867,35.7
S0750613A,Briana Trexler,M,A,Measles,30,415710,33.7
S0089359E,Lavon Wertheimer,M,O,Conjunctivitis,84,116519,27.0
T7456455T,Kenneth Garcia,F,O,Food Poisoning,84,474867,36.4
F3585551H,Betty Cash,F,A,Chickenpox,74,616676,36.3
G1517455Y,William Mendoza,M,AB,Diphtheria,73,366821,34.1
G6876871N,David Pierson,F,B,Malaria,54,552381,29.4
G5871567X,Gertrude Martinez,M,B,Anthrax,64,102629,27.4
S1261518Y,Mary Baskerville,F,B,Cholera,75,607961,26.1
F5257497C,Willie Holmes,F,O,Diphtheria,71,271794,20.1
F8305995Z,Margaret Mann,F,O,Diphtheria,35,628962,37.4
T2136378I,Edwin Walters,M,A,Anthrax,43,108576,22.4
F1572677M,William Jones,M,AB,Typhoid,41,312909,33.6
S9403965O,Leonard Poindexter,M,AB,Dengue,79,415491,21.9
G6055008U,David Robinson,F,A,Plague,79,222129,23.9
T5945506M,Betty Leising,F,A,Influenza,39,721053,20.9
F2711192L,Maria Vasquez,M,AB,Hepatitis,28,606031,37.3
T4610215O,Velda Hernandez,M,O,Chickenpox,59,395244,28.8
G4589083Y,Joseph Gilchrist,M,O,Cholera,61,534943,21.6
T2691604P,Sharon Desilva,F,A,Dengue,35,249396,38.4
G1223535N,Michael Simonds,F,B,Cholera,86,511942,30.1
S8343660H,Sandra Ray,F,B,Tuberculosis,28,651377,19.7
G7271101O,Celia Doan,M,B,Anthrax,64,362243,33.3
S0871458N,Virginia Slawson,M,A,Tuberculosis,43,602882,20.6
S4330246E,Keith Klima,M,O,COVID-19,74,442330,19.1
S3585801X,Marilyn Guard,M,O,Dengue,32,238059,23.4
S0878284S,Eugene Fontenot,M,B,Chikungunya,45,490563,28.2
S2366723Y,Jillian Gray,M,AB,Diphtheria,63,393404,22.3
T9454333X,Elizabeth Rogers,F,B,Mumps,84,162385,29.7
G4313953X,Joseph Miles,F,O,Dengue,25,679805,27.0
S9245428S,Anna Brown,M,B,Conjunctivitis,30,712482,22.3
S0421810S,Charles Zastawny,M,A,Influenza,57,371010,27.7
T3949624F,Richard Burkey,M,A,Mumps,42,105803,37.7
S2251703H,Luke Peeden,F,O,Anthrax,86,227905,29.8
S5676338N,James Blackwell,F,A,HIV/ AIDS,60,547832,37.3
G5837545J,Judy Powell,M,A,Mumps,86,324567,25.7
T1794358L,Lelia Morrison,M,AB,COVID-19,65,444248,30.5
F1806533H,James Castillo,F,O,COVID-19,47,208698,34.4
S5857220L,Justin Ellis,F,A,Smallpox,62,511394,34.5
S6640931O,Daisy Faria,M,A,Conjunctivitis,54,432330,29.5
G2259164C,Elizabeth Greener,M,B,Nipah,87,688247,38.1
F9783032L,Philip Potthoff,F,O,Pneumococcal,33,346797,28.3
F1986761I,Nicole Magana,M,AB,Food Poisoning,56,284311,29.8
G7217118N,Robert Kettl,F,AB,Hepatitis,42,115099,27.6
F1551170O,Tina Dubray,F,O,Pneumococcal,50,722343,26.2
G3247793E,Gregg Helems,M,AB,Nipah,56,768627,22.5
F3476085M,Edith Winski,F,O,Food Poisoning,55,536283,37.1
F9604438Z,David Parks,F,O,Dengue,44,187038,20.0
T5189285W,Robert Luckey,F,AB,Rabies,77,658961,27.4
F5191048W,Sandra Brock,M,A,Influenza,82,419300,34.8
G7697738A,Susan Buel,F,O,Diphtheria,78,457963,36.0
F9290481R,Lucille Monroe,M,B,Typhoid,24,322003,19.8
F9554122U,Ernest Goodwin,F,O,Chikungunya,39,597889,24.9
T1849542I,Jamie Mercado,F,AB,Typhoid,58,436563,28.2
F2003158Z,Deshawn Dillard,M,B,Diphtheria,28,256048,29.0
T1816295T,Susan Ragle,M,O,Malaria,53,111565,35.1
T8670307W,Heather Peel,F,A,Diphtheria,87,382418,34.1
F2089218K,Raymond Vanderhorst,M,AB,Rubella,89,575696,28.3
S1084427A,Gregory Guido,M,B,Malaria,73,111983,38.8
G7839895C,David Fleagle,F,A,Smallpox,29,110505,34.8
G6557812B,Blanche Rau,F,O,Anthrax,29,392332,33.4
S3083050E,Keith Hudson,M,B,Diphtheria,57,537656,23.0
F8400859R,Shari Quinlivan,F,A,COVID-19,53,331587,24.0
S1001567N,Tennille Paz,F,AB,Diphtheria,59,586688,25.1
G4954922U,Anthony Madden,F,B,Influenza,30,106624,32.0
F4598824B,Helen Springer,F,O,Cholera,24,785029,31.3
F0043022D,Keith Quirin,M,B,Hepatitis,70,621685,38.3
S1148953G,Robert Berger,M,A,Mumps,51,439459,38.3
T8912471V,Richard Razo,F,A,Cholera,51,791783,38.1
T0386556M,John Chavez,F,O,Cholera,62,747954,20.0
S7904998D,Anne Pierce,F,AB,Measles,25,319637,31.5
S7375776A,Jaimee Porter,F,B,Hepatitis,58,749963,38.9
G6350722J,Harold Allen,M,B,Tuberculosis,24,124406,28.7
T0957744E,Wava Fernandez,M,O,Rabies,36,649552,39.3
G2090306G,Donald Koprowski,M,O,Rabies,51,400422,18.7
S3077236X,Kristal Cultice,F,A,Dengue,61,377657,37.0
F4168377G,Charles Lutman,F,AB,Cholera,61,348190,22.8
T4240388M,Bobby Shiroma,M,O,COVID-19,65,473479,35.3
T8970236A,Steven Garafano,F,B,Nipah,28,686201,20.7
T2797315Y,James Hess,F,AB,Tuberculosis,79,757617,27.8
S7812035W,Marcelo Hartsfield,M,A,Conjunctivitis,38,743299,35.4
T2873600C,Nicholas Haight,F,A,Malaria,82,444302,37.1
G6201022O,William Maxwell,M,A,Anthrax,84,474398,19.1
S2013822Z,Ricky Goddard,F,AB,Typhoid,76,170832,26.0
T9466287I,Barbara Marin,F,O,Nipah,43,598379,30.3
G0418162S,Monika Rogers,M,O,Food Poisoning,76,111369,27.3
S7710248E,Kimberly Schultz,M,AB,Influenza,66,744576,38.4
T3321694A,Cheryl Beggs,M,B,Typhoid,31,214133,36.8
T2351880W,Joe Prieto,M,AB,Chickenpox,32,226102,22.1
S5152424I,Eric Miller,F,AB,Food Poisoning,18,285296,33.8
S5922827R,Paula Slate,M,A,Chickenpox,84,615240,20.7
F0924242Q,Floyd Harvey,F,A,Measles,53,446094,33.4
F3492179T,Joseph Wolf,F,O,Anthrax,20,591093,19.1
S5813501P,Katherine Watkins,F,AB,Chickenpox,64,494308,20.9
S7973410G,Truman Fuller,F,AB,HIV/ AIDS,62,678896,31.3
S4748463B,George Holmes,F,O,Plague,38,786901,39.8
T4391156C,Sean Treadwell,M,B,Rabies,52,187475,22.0
S6134371E,Deborah Robinson,F,B,COVID-19,86,635584,28.3
F6646429R,Francisco Ramsey,F,O,Influenza,23,618522,31.3
F7809272O,Mark Boyd,F,A,Hepatitis,19,675607,22.4
T1256367V,Mark Lapage,F,B,Smallpox,39,181220,22.4
T7401278V,Annie Hunter,F,AB,COVID-19,63,311156,34.9
F1561720K,Michael Caton,F,O,Measles,32,318616,26.6
S5458995X,James Economou,M,B,Chikungunya,20,766489,25.1
F8023489C,Kimberly Dismukes,M,B,Mumps,79,509006,31.4
T2688677H,Cory Coney,M,A,Rabies,33,730674,28.8
G6665764E,Raymond Dicostanzo,M,B,Chickenpox,30,803501,39.4
T2586694N,Dale George,M,A,Rubella,70,435449,37.2
G5947777E,William Thomas,F,B,Rubella,54,592915,19.6
F7131247S,Brent Fletcher,M,AB,Cholera,18,212177,25.5
S3579965G,Matthew Young,M,O,Mumps,61,489616,22.4
F4293591N,Mary Matthews,F,B,Plague,34,397066,26.4
T9095387X,Syble Storrs,M,A,COVID-19,82,124823,28.4
G5465266L,Dorothy Zito,F,AB,Mumps,50,630367,34.3
S7171803I,John Meyer,M,B,Plague,77,667307,34.8
G9614824F,Ronald Linton,F,B,Diphtheria,40,747927,18.8
T2219782N,Sarah Marsh,F,A,Malaria,53,667303,28.9
G6568158C,Carlo Ford,F,AB,Anthrax,87,517374,26.5
F1768447H,James Brown,M,A,Tuberculosis,20,542556,39.5
G8827243W,Belinda Martinez,F,A,Mumps,24,213447,30.4
T1802548B,Cynthia Seel,M,B,Rabies,84,131577,19.9
S9242460I,Timmy Bashir,F,AB,Mumps,87,237939,32.8
T0511009A,Mary Green,M,A,Malaria,20,241953,30.8
G2214369L,Leigh Watts,M,B,Cholera,67,228523,30.8
S0177060R,Juan Larson,M,A,Pneumococcal,77,395225,25.0
S3466700Q,James Lewis,F,B,Hepatitis,56,492282,36.3
S2691640F,William Mills,F,AB,Malaria,67,655294,24.1
S8027092F,Frank Schofield,F,O,Plague,18,205325,36.7
G9142763E,Mary Shuman,F,B,Chickenpox,79,675755,31.2
S8524630I,Gloria Mills,M,O,Mumps,32,527996,31.5
G7162205N,Dennis Nelson,M,A,Dengue,78,737546,37.7
G1426098M,Barbara Jones,F,O,Nipah,82,250469,19.7
T9327584H,Charles Mills,F,O,Malaria,40,400768,28.9
G5361384F,Jay Ngo,F,B,Rubella,19,371225,30.3
F6920687Y,Sudie Elwood,F,AB,Influenza,45,643538,21.2
T2942424O,Reanna Daniels,M,O,Influenza,77,674800,21.2
F3148178J,Andrea Darland,F,O,Conjunctivitis,78,674919,33.9
F3556575U,David Rule,F,B,Malaria,77,493496,30.4
T9233132J,Debra Lynaugh,F,B,HIV/ AIDS,55,500736,19.8
S2223001F,Sarah Farmer,M,B,Rubella,34,580628,28.7
F4789468X,Linh Valenzuela,M,O,Smallpox,82,351489,29.4
F3146226C,Marcia Laird,F,A,HIV/ AIDS,75,465522,18.8
F0499029G,Mary Tamez,F,AB,Hepatitis,67,616940,31.4
F4556105Z,Teresa Davenport,F,A,Anthrax,44,167249,38.0
S5336179D,Donald Packard,F,A,Nipah,73,319601,38.9
S3930291Z,Felix Hassard,M,B,Nipah,23,312005,20.1
T6471444U,Marian Nunez,M,B,Anthrax,44,518104,21.8
T4096686K,Veronica Guillen,M,O,Typhoid,22,481191,34.8
S9587123Y,Elizabeth Geiger,M,B,Anthrax,29,664766,32.3
S5891568F,Johnnie Mccrimmon,M,O,Hepatitis,42,279304,26.8
S7601795R,Dorothy Hunt,M,B,Tuberculosis,56,430513,39.2
T2701143H,Harold Bird,F,O,Malaria,37,479521,25.1
F7457181N,Melanie Jolly,M,AB,Tuberculosis,54,536224,24.4
S5018669V,Kristin Ortega,F,B,Tuberculosis,55,102925,18.9
F5872612V,David Mullett,M,B,HIV/ AIDS,70,121253,20.4
S4588848X,Stacy Miller,F,O,Mumps,30,243244,29.9
F1632622J,Shirley Goodermote,F,O,Measles,54,501715,25.8
T0410192A,Linda Walker,M,AB,Typhoid,18,245041,39.0
T1493167Q,Mallory Norley,M,AB,Conjunctivitis,56,228097,25.2
T0462475A,Allison Barksdale,M,A,Diphtheria,39,275751,23.6
T5310239W,Jessica Mckenzie,F,AB,Hepatitis,41,471265,24.9
F4557630S,Charles Green,M,O,Plague,58,302824,25.7
S9178630A,Marie Lowers,F,O,Rubella,71,452316,26.1
T6300184L,Hector Topps,M,A,Conjunctivitis,45,479011,37.3
F7385871R,Kevin Smith,F,AB,Rubella,43,791572,32.7
T7517943Z,Michael Brassil,M,B,Nipah,59,679575,34.3
T2147892Y,Susan Mcgraw,M,O,Nipah,34,782818,20.9
S6620054I,Emma Grimes,M,A,Pneumococcal,86,217473,32.1
S8286130V,Edward Jones,M,B,Rubella,83,592965,32.2
F0884777C,Jay Harris,M,AB,Food Poisoning,32,244845,30.1
F8700022K,David Allard,F,B,HIV/ AIDS,79,578960,27.9
F5057327K,Ronnie Collazo,M,O,Smallpox,68,705431,35.2
G1757663I,Richard Bailey,M,O,Dengue,54,690684,39.7
T4129169F,Eliza Gauthier,F,AB,Anthrax,60,588140,39.3
T4391057V,Edna Lewis,M,O,Measles,29,659435,37.2
S4587655E,George Giddens,M,B,Rubella,74,532727,30.1
G5923397X,William Marlin,F,O,Chickenpox,33,262456,37.5
G6231773T,Shelley Levinson,M,B,Rubella,39,358284,28.5
S9281023Y,Billy Copher,M,AB,Rubella,77,599831,30.4
T2778952O,John Gupton,F,B,HIV/ AIDS,63,386582,19.2
F8568335H,Linda Fitzwater,F,AB,Tuberculosis,29,294648,34.5
T5635324A,Cheryl Armstrong,M,B,Plague,41,416921,23.4
S6355032E,Kyle Epley,M,A,Dengue,78,722026,32.7
G1103380W,Lawrence Comeaux,F,B,Typhoid,29,626222,22.7
S2554559H,Barbara Neal,M,AB,Cholera,74,390263,23.2
G1175678C,Megan Lopez,F,O,Dengue,22,169110,34.4
F5979184O,Gail Martinez,F,O,Chickenpox,43,610399,36.4
T2635259T,Rosella Ingole,F,A,HIV/ AIDS,21,611000,32.4
S0921816G,Steven Morrison,M,B,Nipah,43,651530,38.6
G2228291A,Roberta Clark,M,O,Food Poisoning,65,332169,24.9
S8919078O,Sharon Oliver,F,A,Influenza,58,797326,28.7
T9122880W,Eleanor Purvis,F,AB,HIV/ AIDS,57,481035,34.3
S5024197N,Mary Gordon,F,A,Dengue,87,139968,26.5
F4332852O,Gerardo Setser,F,AB,Malaria,51,232647,30.8
T3841505J,Harriet Hunter,F,AB,Influenza,55,585464,34.4
G7764876W,Randy Collett,F,A,Chickenpox,71,624012,34.4
F2729941Q,Mary Wolcott,M,B,Nipah,79,228634,37.3
S6485245S,Mamie Nelson,M,AB,Plague,80,436445,36.7
G9184067F,Giuseppe Oglesbee,F,B,Nipah,34,110198,32.1
G2584549I,Margaret Camel,F,O,Typhoid,27,624900,35.7
T5945027M,Julia Alcantara,M,AB,Plague,38,679721,39.1
T7139774W,Kathryn Mayberry,M,AB,Conjunctivitis,53,479038,31.7
S7522166E,Ernest Sledge,F,AB,Food Poisoning,21,748998,31.6
F0352226G,Frank Callahan,F,A,Chikungunya,30,399251,31.5
G0117979U,William Mattocks,F,B,Tuberculosis,26,802674,35.3
T7222536T,Eileen Crum,F,B,Plague,83,644999,20.9
T3917720L,Hazel Padgett,M,AB,Mumps,41,333371,22.3
S7648240O,Danielle Shan,M,AB,Chickenpox,81,360855,38.4
S6297519X,David Ivey,F,A,Anthrax,78,164045,31.9
G3153441P,Richard Viveiros,F,AB,Tuberculosis,71,666124,35.6
G5033373I,Sara Sparks,F,AB,Hepatitis,87,514438,28.9
G3442778P,Linda Davis,M,A,Food Poisoning,18,698738,39.8
S5747401U,Nathaniel Reaves,F,B,Anthrax,65,225169,39.1
G9522648C,Denise Jones,M,B,Chickenpox,38,494104,28.7
T3566535S,Melanie Yount,M,AB,Smallpox,36,658753,32.8
S2267605C,Brandy Sabbagh,M,A,Dengue,87,407024,30.0
S2030804U,Connie Pina,F,O,Anthrax,56,121934,27.6
F9070139O,Jacqueline Morgan,F,A,Food Poisoning,22,583343,21.9
T2731957M,Brandon Piro,M,AB,Malaria,23,756777,30.7
T6623971R,India Byars,F,O,Diphtheria,72,226785,31.1
T9918434L,Elease Dawkins,M,AB,Malaria,47,471774,21.4
T5455370B,Karen Jones,M,B,Malaria,88,554061,24.2
F9807697C,Kathryn Brinker,M,B,Malaria,19,184966,29.1
F8714559E,Brenda Tsasie,F,AB,HIV/ AIDS,81,681369,39.7
S2779956Z,Tiffany Martin,M,O,Pneumococcal,37,676210,29.0
G2856873Q,Willie Bartlett,F,AB,Malaria,73,736383,28.8
F8948106O,James Thorne,M,A,COVID-19,48,103298,30.0
G2166104W,Maurice Metzler,M,B,Malaria,82,790551,22.5
T6526185Z,Rodney Woodward,M,O,HIV/ AIDS,30,522157,26.3
G5207839Q,Helen Graber,F,O,Smallpox,50,739833,35.7
G3702102P,Gregory Ward,M,O,Influenza,75,673036,27.4
S9606291Y,Charles Jamison,F,B,Conjunctivitis,51,468847,22.0
T2328778R,Dennis Jones,M,O,Chikungunya,57,299989,36.8
S9670190R,Alice Poling,M,O,COVID-19,76,404624,27.5
F1957510G,James Larson,M,A,Food Poisoning,78,368991,33.9
T6114448I,Lauren Richardson,F,B,Conjunctivitis,73,593496,36.5
F3755949B,James Binkley,F,O,Smallpox,22,636651,20.3
G9833922C,William Cordova,M,A,Chickenpox,41,229115,39.7
S7924032P,Colby Lewis,F,A,HIV/ AIDS,57,785412,20.0
G9536756I,Patricia Gilmore,M,O,Dengue,69,620459,24.0
S2413268Q,David Aylesworth,M,O,Cholera,49,732326,28.8
T5308676J,Rose Torres,M,O,Chikungunya,28,213473,24.4
G9457552X,Evelyn Williams,F,B,Influenza,70,514245,35.5
T6103157F,James Trevino,M,AB,Diphtheria,31,235454,34.0
F6146088J,Louis Spencer,M,AB,Diphtheria,47,296774,30.5
S6877112I,Robert Spencer,M,O,Dengue,73,261383,19.4
S6270250C,Pauline Murphey,F,AB,Conjunctivitis,28,151069,22.7
T5469026I,Marcy Johnson,F,AB,Measles,74,128872,21.0
G7454577G,Gordon Wright,F,O,Food Poisoning,54,393237,38.7
F2694780N,James Mikolajczyk,M,AB,Food Poisoning,47,696562,32.0
F4481847B,Lara Ash,F,O,Cholera,51,739301,31.9
F7947198L,Bell Graves,M,AB,Cholera,20,144712,27.4
S1463715I,Sarah Hatfield,M,B,Measles,31,258583,21.8
T8593157U,Karen Coley,M,B,Nipah,39,740792,21.6
G2710404F,Erika Strohman,M,O,Measles,37,695409,34.6
F8188968P,Bernice Meiners,F,O,Conjunctivitis,43,383328,25.5
F8030963L,Brandon Glander,M,B,Mumps,61,274532,28.4
T5042459L,Christopher Miller,M,A,Tuberculosis,18,323080,28.7
T4002692D,Linda Christian,F,A,Measles,61,104339,24.3
S9451901V,Juan Weiss,M,AB,Dengue,64,123813,30.9
S7835969V,Marta Terry,M,O,COVID-19,78,412659,38.4
T7195686Q,Gaye Maybury,F,AB,Smallpox,75,531445,19.8
S0985207E,Jenny Harrison,F,A,Food Poisoning,76,750296,39.9
F0396552I,Gordon Goforth,M,O,Chikungunya,53,151099,24.4
F1550734D,Sonya Smith,M,O,HIV/ AIDS,72,695313,19.0
S5540424T,Charles Burge,F,O,Rabies,49,497826,22.9
T0351340T,Nichole Cammack,M,AB,Diphtheria,49,211211,36.6
T5420557X,Ben Cardin,M,O,Conjunctivitis,33,281119,30.4
T5479741C,Mary Johnston,F,AB,Diphtheria,29,292937,37.2
F1294305B,Elizabeth Thompson,M,O,Plague,73,110299,19.8
G4916590Q,Michael Gillispie,F,O,Smallpox,31,199912,18.7
F8758522S,Rose Rodriquez,F,B,Chikungunya,80,205238,18.5
S6778232O,Letitia Minor,F,A,Pneumococcal,58,597310,25.7
S9066119F,Mildred Bookman,M,A,Food Poisoning,43,789466,37.4
T2165810T,Chauncey Sindelar,F,B,Malaria,80,123555,35.0
T7393745X,Rose Weal,F,B,Typhoid,82,355903,21.4
S5515675O,Thad Greenberg,F,B,Rabies,49,254381,23.2
T5375887J,Mark Nicola,M,O,Malaria,19,799226,26.9
S4967617S,Arthur Spielman,M,A,Tuberculosis,48,760115,18.8
S9363261W,Patrick Brown,M,O,HIV/ AIDS,53,421175,24.4
G6075772U,Albert Dallas,F,A,Hepatitis,82,538356,39.5
S6747512V,Jamie Wright,M,A,Malaria,27,539864,19.0
G1987088A,Carrie Johnson,M,A,Malaria,37,789980,35.8
S0652382P,Helen Selby,F,O,Anthrax,30,639546,28.9
T5908485N,Bruce Hage,M,A,Plague,84,275371,20.5
S5156675R,Wade Sosa,M,AB,Diphtheria,83,526342,29.1
T4597545V,Bonnie Mann,M,AB,Chikungunya,38,660185,32.0
G3168418K,Marcus Henning,M,A,Malaria,72,791025,31.1
F7263036Y,Leo Edwards,F,AB,Pneumococcal,23,389585,20.3
S6928681K,Dorothy Leeds,F,A,Smallpox,51,566183,19.0
F6573549C,Rosa Tinsley,F,O,Rabies,78,746185,35.4
T1710376J,Caroline Taylor,F,AB,COVID-19,80,511147,37.6
T7929530L,James Clark,M,B,Anthrax,76,363886,36.6
S1811275H,Harold Littlefield,F,O,Nipah,62,269256,36.7
T6020603W,Kenneth Woodman,F,A,Dengue,70,259227,27.1
F8412492M,Bryan Niederberger,F,AB,Influenza,29,577281,31.7
G5343434Q,Yolanda Lally,M,AB,Chickenpox,53,296538,38.9
S6719872W,Jean Hill,F,B,Typhoid,40,665722,19.2
G4364052R,Anna Hughes,M,O,Nipah,68,520473,20.4
S7394224I,Katherine Mcgowan,F,B,Rabies,66,425717,18.7
F1146095L,Mario Knight,F,AB,Cholera,53,316355,27.4
F7144755K,Rodney Cornwell,M,O,Rabies,65,551392,35.4
T0675963W,Annie Gjertsen,M,O,Pneumococcal,66,526181,23.2
G5775973D,Steven Whittemore,F,AB,Plague,22,498731,21.5
F0410110Y,Judith Stutts,F,B,Pneumococcal,72,472466,21.1
F1278746H,Clarence Mcnicholas,F,O,Chikungunya,83,531562,19.0
T3333409O,Lois Smith,F,B,Chikungunya,85,249197,19.8
G4235210U,Tom Chandler,F,B,Food Poisoning,22,776664,36.6
T7463868U,Harry Morales,M,A,Pneumococcal,54,107286,26.2
F5416564J,Elizabeth Neff,M,AB,Tuberculosis,32,184195,35.1
S2911420C,Layla Zamora,M,A,Rabies,76,270182,20.7
T7611262L,Thomas Wong,F,A,COVID-19,26,752721,20.9
S1075580B,Michael Seger,M,O,Smallpox,35,490499,29.7
S9626316R,Evangelina Goode,F,O,Plague,45,234395,27.0
S8622569E,David Turner,M,AB,Cholera,83,121945,36.0
F8281210J,Laura Kotterna,F,AB,Plague,18,304746,39.5
S3330926Y,Jerome Barnes,M,B,Rubella,85,380338,28.0
G2777445S,Janette Sargent,M,AB,Malaria,29,302146,29.9
G4905802E,Robert Matheis,M,AB,Nipah,69,146040,23.3
F0544922Q,Alma Craine,F,B,Cholera,31,145559,36.4
G0220051B,Angie Ward,M,AB,Malaria,89,603958,36.9
T2439907G,Reba Heil,M,AB,Cholera,29,349196,32.6
F8163376A,Keith Lundy,F,O,Measles,87,372066,27.8
F5178656M,Joan Roy,F,AB,COVID-19,25,236248,27.9
F7863463K,Shirley Martinez,M,A,Chikungunya,87,369370,37.7
T7503611S,Linda Maus,F,AB,Dengue,22,141305,23.8
S5926395I,Karen Bell,F,B,Plague,64,601343,38.3
G1386625D,Charles Mcconnell,F,B,Diphtheria,52,621875,22.2
T2904884B,Albertine Ferris,F,O,COVID-19,78,529347,20.3
G8878189O,Fred Bair,F,A,Measles,43,606263,39.7
T9633016W,Stephen Williams,F,A,Plague,62,427654,30.3
T0965591N,Greg Bayles,M,AB,Tuberculosis,51,135268,32.1
F3832077W,Donald Debarros,M,AB,COVID-19,87,444190,27.9
F6118870G,Christopher Nichols,F,AB,Rubella,82,249377,30.0
S9863270M,Donna Perez,M,A,Hepatitis,31,632508,29.7
F3114237A,Katherine Gholston,F,O,Dengue,40,558447,32.4
G4742774C,Denise Lowe,F,A,Dengue,34,570297,35.5
S2732804E,Thomas Chow,F,AB,Smallpox,64,117163,22.8
T8981971G,Justin Criswell,M,A,Influenza,26,540787,19.9
S2219403B,Lisa Smith,M,O,Hepatitis,69,724239,38.6
F2010559W,Alan Shane,M,AB,Conjunctivitis,22,738482,35.3
F8178508R,Jeffrey Castro,F,A,Rubella,52,530064,32.0
F9040813A,Teresa Hill,M,B,Influenza,74,412508,22.6
F5250091A,Joyce Hancock,M,AB,COVID-19,31,170326,38.5
T4136093Z,Tiffany Scott,M,O,Smallpox,47,348498,22.9
F9292629X,Frank Patrick,F,A,Tuberculosis,75,700168,39.9
T8295697X,Jill Lutz,M,B,Malaria,39,162374,33.3
T0646534L,Jodi Whittaker,M,O,Nipah,33,267993,30.2
S6454622M,George Jennings,M,O,Conjunctivitis,26,217123,34.0
F3652029P,Justin Rutkowski,F,AB,Typhoid,44,318641,36.6
G9846852L,Frances Allred,M,O,Nipah,64,168142,32.9
G6359290R,Maria Ware,M,B,Influenza,85,637763,32.2
S5333622T,Jenine Laschinger,F,O,Smallpox,37,786108,27.5
T8835407N,Candyce Tannenbaum,M,O,Rabies,31,357763,32.5
S5260201B,Pablo Turner,M,AB,Chickenpox,67,513197,23.3
F7617230I,Mary Goodman,M,B,Typhoid,37,122497,36.1
S1486318O,George Bennett,F,A,Rabies,19,695610,30.9
F7247129N,Mable Gullett,M,AB,Food Poisoning,70,798628,23.3
T3920524S,Paul Anderson,F,AB,Food Poisoning,27,261140,36.6
F4306063A,Stephen Woo,M,AB,Measles,63,640424,23.1
G9202529N,Kathleen Acosta,F,B,Tuberculosis,60,253952,28.0
S5459656U,Henry Marshall,M,AB,Cholera,81,224138,22.9
T3160587Z,Kenneth Flowers,F,AB,Plague,34,587205,29.8
G9593870Y,Terrence Tallman,F,O,Dengue,40,745777,22.0
S4222904R,John Panella,F,A,HIV/ AIDS,89,780976,27.8
G7435234M,Benjamin Drew,F,AB,Mumps,84,383504,34.0
G2864761H,Dora Flanagan,M,O,Mumps,76,341934,29.4
G9118985K,William Wilson,F,O,COVID-19,73,233578,33.5
S2101553H,Janessa Leavins,M,B,Diphtheria,89,807734,22.3
T4888033D,Mary Daniels,F,O,Rubella,70,730158,35.4
F9612603N,David Green,F,B,Typhoid,74,422865,21.0
F1191260K,Helen Wakefield,M,B,Rubella,31,574998,25.3
S3630034D,Jeffrey Kline,F,A,Nipah,45,461032,29.0
S4874518A,Marc Manzi,F,B,Typhoid,24,563503,25.3
G1550012G,Mary Gullatt,F,A,Nipah,76,597839,20.6
G2489978H,Gerard Johnson,F,B,Conjunctivitis,74,106174,21.6
T2660827M,Stanley Grant,F,A,Chickenpox,29,452247,26.9
G6338407V,Billy Bagwell,M,O,Chikungunya,40,405096,34.5
T4859405I,Michael Baldwin,F,B,HIV/ AIDS,69,686031,39.9
G5090006N,Chris Pearson,F,B,Measles,42,223003,39.5
F8828859U,Robert Walker,F,B,Anthrax,71,630599,32.9
F3693553N,Christopher Harvey,F,A,Pneumococcal,79,437659,32.9
S8332061T,Brent Funston,M,O,Malaria,59,203263,18.7
F7167763I,Hulda Garcia,M,O,Mumps,64,400642,39.8
S1024696N,Edward Bacich,F,O,Rubella,19,250196,22.3
G1206648W,David Lewis,F,O,Smallpox,84,767899,35.0
S5397906Y,Leonard Wease,F,AB,Tuberculosis,75,363469,30.8
G5249848W,Mary Howell,F,A,Rabies,39,518103,21.4
S0729982O,Eddie Argabright,M,O,Dengue,66,185912,39.5
S7898701X,Elizabeth Nguyen,M,A,Measles,59,334842,38.4
T4461348M,Kurt Roy,M,O,Influenza,23,684879,36.4
G7538349Y,Francisca Pittman,F,O,Rabies,35,783475,25.7
G8452996L,Solomon Pacheco,M,AB,Cholera,52,585910,37.8
G5091515H,Cynthia Hollingsworth,M,O,Rabies,18,689179,30.1
G0109248S,Tanesha Shoulders,F,AB,Plague,63,585172,27.6
S2757961P,Daniel Flowers,M,AB,Smallpox,81,446662,29.9
F2533200H,Virginia Padron,F,AB,Dengue,29,643856,26.3
T8976342N,Ethel Guerra,F,A,Smallpox,64,700737,34.4
S6681498P,Melisa Bradford,M,B,Food Poisoning,49,438611,33.4
S6291559B,Lisa Sampieri,M,AB,Smallpox,32,475049,35.2
F0546939P,Donald Stillman,M,AB,HIV/ AIDS,42,605138,35.5
F1731862J,Yvonne Morefield,M,AB,Hepatitis,81,329874,25.5
S4067933I,Michael Southard,F,B,Tuberculosis,21,675345,32.3
T3143847H,Deborah Howard,M,A,Measles,70,194214,37.5
F9723788X,Viola Rockhill,M,AB,Cholera,74,443451,20.9
G3638849D,William Slattery,M,A,Diphtheria,82,107717,27.2
T1139133N,Catherine Britton,M,A,Malaria,89,345602,26.4
G7985652Q,Jerome Slater,M,B,Plague,34,389370,22.5
T5790284V,Marlene Mitchell,F,AB,Rubella,39,202598,37.8
T0057709B,Savannah Mohler,F,B,Hepatitis,24,257323,26.7
G4949840U,Joyce Connor,M,B,HIV/ AIDS,39,510438,23.4
T2475827V,Claire Mcknight,M,A,Tuberculosis,71,192408,33.3
G4775329Z,Jose Lee,F,B,Smallpox,51,480419,31.2
T5586809C,Michael Mathews,F,AB,Chikungunya,68,546034,33.1
G7393751X,Stacy Hawkins,M,A,HIV/ AIDS,81,699716,23.2
S1751286P,Esther Shipp,M,A,Conjunctivitis,80,345358,34.7
T5628558V,John Ventura,F,B,Influenza,84,532745,33.2
T6625661R,Virginia Sower,M,AB,COVID-19,61,564403,21.6
G1663770Z,Keith Harris,F,AB,Mumps,78,446172,28.9
S2655939K,Tracy Lopez,M,AB,COVID-19,32,586473,24.5
G1237626N,Catherine Fierst,M,AB,Conjunctivitis,69,399150,34.7
S0808386J,Peter Padmore,M,A,COVID-19,49,398056,19.9
F5237116C,Raymond Rea,M,AB,Rubella,76,529893,26.2
S0906238D,Donald Bright,F,O,Nipah,69,655484,34.7
G3831663E,Daniel Benson,F,AB,Influenza,53,215105,39.8
T1876496S,Ronald Frith,M,AB,Diphtheria,82,716708,33.7
T4934228X,Marc Smith,F,B,Typhoid,69,730949,20.6
T5172747B,Walter Nobel,F,A,Measles,75,193515,32.1
G5884631N,Susan Robert,F,AB,Typhoid,42,320692,22.1
S3029420L,Michael Ott,F,O,Hepatitis,41,324234,23.3
F1771206X,Frank Ostrom,M,AB,Measles,73,662365,24.2
T1807395J,Kristi Siebold,M,B,Malaria,24,495666,26.5
F8481095T,Rhonda Fatica,F,AB,COVID-19,22,528885,22.4
S2045623L,Elmo Miller,M,AB,Anthrax,59,359842,31.7
F1180962H,Joanne Walkner,F,A,Food Poisoning,72,737330,38.5
F5803487N,James Buckhalter,M,A,Chickenpox,58,127742,24.7
S4058723U,Jack Choi,M,AB,Tuberculosis,36,617673,27.7
T2753974M,Glenda Danielson,M,O,Pneumococcal,56,292924,30.7
S1518418V,Joann Bingaman,M,B,Malaria,51,248288,30.7
F8048882M,Jeffrey Hennessey,F,O,Smallpox,43,321519,23.7
S0439790E,Betty Montgomery,M,A,Measles,78,293009,20.5
T4943747K,Jaime Steel,F,A,HIV/ AIDS,87,311194,33.4
G1270388K,Mary Stephens,F,B,Chickenpox,89,701947,19.3
S5507456O,Paul Shephard,F,AB,Smallpox,67,474327,24.8
G2451375H,Erlinda Thomas,M,AB,Pneumococcal,24,669661,30.2
F3403628X,Amy Koontz,M,A,Chikungunya,23,497492,27.6
F0891145W,Leroy Vigor,F,O,Typhoid,61,651943,27.1
S7617413I,Jodie Beam,M,A,Measles,29,741990,18.9
T8849122X,Margaret Hall,M,A,COVID-19,54,535950,30.4
S4786528W,William Oconnor,M,B,Mumps,34,197885,29.6
S7105904H,Yolanda Ford,M,AB,HIV/ AIDS,44,424090,38.3
S9945184A,William Woody,F,AB,Food Poisoning,25,221019,30.0
G8853359X,Daniel Schull,F,A,HIV/ AIDS,45,656478,38.7
S1762579V,Tracy Slostad,M,O,Rabies,56,676674,38.0
G4197590F,Joseph Sawer,F,O,Measles,65,432613,18.6
G7422877L,James Huntley,F,B,Hepatitis,85,395985,35.4
F7283441H,Elizabeth Zurcher,F,B,Chikungunya,61,440610,38.0
S6146248L,Bobbie Burlew,M,B,Hepatitis,56,546408,37.6
G3224866U,Joyce Gaffey,F,O,Nipah,44,269030,27.3
F8218518G,Patricia Summers,F,O,Rabies,38,714341,26.3
F7857348X,Amy Ladue,F,AB,Dengue,56,222519,26.0
S2673846X,Jeffrey Lavoie,M,B,Smallpox,79,667680,25.4
T1440310K,Gail Hendren,F,B,Cholera,82,493705,19.9
S0158489T,Abraham Omura,F,A,Rubella,54,141763,34.7
T8254291L,Chad Stoffel,F,AB,Food Poisoning,37,504628,29.2
G7894312B,Lester Bond,F,O,HIV/ AIDS,52,578294,26.7
T9629693A,Caleb Halasz,F,AB,Smallpox,40,602043,38.1
T2906214U,Debra Cook,M,AB,Rabies,51,360752,30.7
T0143636B,Charles Hoffman,M,AB,Malaria,73,768520,23.8
F8828616X,Chad Wallace,M,O,Mumps,44,359533,29.6
T1025213E,Harriett Reed,F,A,Influenza,37,365034,37.8
G4081401C,Edwin Lee,F,A,Cholera,18,243971,19.3
T6521619O,Kim Alley,F,A,Cholera,30,584020,37.4
G0532911O,Thelma Blankenship,M,AB,Nipah,51,656082,24.9
G7113307Q,Bradley Chavez,M,A,Hepatitis,19,377916,30.9
T2071654N,Pauline Labrie,M,AB,Cholera,25,749490,24.8
G5766591T,Richard Drake,F,B,Nipah,53,185872,35.2
F7935876W,John Gossard,F,O,COVID-19,41,252673,35.3
S6990609Y,Jody Chupp,M,B,Chickenpox,24,410766,24.3
G4304067J,Edward Matos,M,B,Anthrax,73,328696,32.2
F8306392J,Shirley Hanks,F,O,Food Poisoning,22,546938,35.3
F2513929M,Sean Thomas,F,B,COVID-19,40,405830,23.5
T8709556K,Sharon Young,M,O,HIV/ AIDS,47,202637,27.0
T0746295I,Timothy Montes,F,O,Chickenpox,47,505104,26.9
G3374093B,Aurora Fulcher,F,O,Smallpox,28,236001,25.0
S7730365F,Stephen Magner,M,O,Typhoid,35,662353,18.6
G9227669Y,David Kerns,M,AB,COVID-19,37,194222,37.4
S0225696A,Paul King,F,O,Pneumococcal,45,421686,19.0
G9250349G,Earl Absher,M,O,Smallpox,86,328428,23.8
F7927027A,Jeffrey Mackson,M,AB,Hepatitis,28,498084,26.2
G2393461F,Lori Murphy,F,B,COVID-19,45,430460,36.4
G7894791S,Sean Mccray,M,AB,Hepatitis,65,581417,26.5
S7681660F,Johnny Benfield,M,A,HIV/ AIDS,18,117284,33.5
T8345594K,Scott Cooper,F,B,Pneumococcal,51,293417,38.7
S9991005V,Dexter Knapp,F,O,Food Poisoning,81,264910,35.7
F2574793E,Stephanie Banta,M,B,Conjunctivitis,51,587966,20.7
T3629103G,Nadia Kestler,F,A,Dengue,18,776886,20.8
S0464936X,Laura Haynes,M,AB,Nipah,75,731808,23.5
T2449513Z,Brian Mccord,F,O,HIV/ AIDS,73,583419,30.7
G0462946L,Vincent Robinson,M,O,Diphtheria,67,158566,33.8
T5026465G,Therese Barnes,F,AB,Anthrax,37,557717,21.7
S5074928F,Daryl Johnson,F,O,Malaria,24,124272,20.2
G4384147S,Laura Gallaher,F,O,Typhoid,18,105687,36.2
S7502314C,Rose Mixon,F,AB,Cholera,42,348766,38.9
F3114377Y,Wilbur Pena,F,O,HIV/ AIDS,73,514259,30.3
G0679154H,Robbie Lowe,F,A,Hepatitis,86,359809,37.8
S3478996U,Deanna Berry,F,O,Influenza,84,378702,22.3
G7149156I,Ellen Hachigian,F,AB,Anthrax,83,279825,26.2
F5427930G,Jamie Earhart,F,A,Mumps,56,286377,25.1
G3199556G,Christopher Prescott,F,AB,COVID-19,60,712232,38.4
T2678445V,Ryan Patterson,M,O,Plague,67,279891,39.0
S7548370H,Nancy Celaya,M,B,Smallpox,48,465195,37.6
S6892654W,Sandra Hubenthal,M,O,Tuberculosis,30,364151,37.4
S8705316V,Arthur Searcy,F,B,Mumps,77,531877,26.5
F8016034N,Daisy Gaskins,F,B,Cholera,76,553082,19.5
T0071646D,Carson Eichenberger,M,O,Mumps,26,703892,27.5
G7705109E,Kyle Eaton,F,AB,Nipah,87,217283,39.1
T7356304E,Lindsey Henderson,M,B,Chikungunya,24,535604,28.6
G1105348U,Jennifer Tracy,F,AB,HIV/ AIDS,48,234509,31.8
G4437325I,Felicia Willis,F,B,Chickenpox,21,674313,39.1
S7821091M,Francine Puentes,M,A,Cholera,84,147113,39.8
T3479108C,Teresa Mccurry,F,B,Measles,75,158231,20.9
T8178003K,Kim Batz,F,O,Pneumococcal,25,187029,27.9
G1391940K,Robert Splatt,M,B,Tuberculosis,57,689107,27.9
F0728994W,James Carrillo,F,O,Hepatitis,70,124735,30.4
T6609189Z,Erminia Yarber,F,O,Anthrax,50,175512,27.8
S6526215H,Sara Pellicone,F,B,Plague,61,675933,21.8
T2290751B,Harvey Fidler,M,A,Mumps,54,547478,35.0
S1691110A,Nancy Zhang,M,O,Chikungunya,27,259765,26.4
T0959759M,Jesus Wilson,M,A,Smallpox,38,754887,34.9
G5362763L,Cindy Wilkerson,F,B,Chikungunya,73,426054,37.4
T2869036O,Daniel Martorello,M,AB,Cholera,39,453700,32.1
F0711735R,Mack Wilcox,M,O,Dengue,35,702540,21.7
S2975563G,Daniel Fernando,F,O,Diphtheria,52,517143,20.0
S4686852V,Amy Duval,F,AB,Influenza,78,347905,31.3
G6212817U,Marvin Szczepanek,M,A,Diphtheria,42,283159,38.1
G1906802B,Douglas Carbo,M,B,COVID-19,28,507478,23.5
G0058003M,Michael Clines,F,B,Cholera,18,307559,31.0
F5205144I,Alicia Hall,F,O,Influenza,43,132448,34.9
S8525359Z,Lillian Arndt,M,O,COVID-19,64,548140,25.7
F8068258P,Antonio Ledon,F,B,Cholera,39,580313,29.2
T2773122V,Jessica Parker,F,A,Typhoid,38,281935,39.1
F9593841O,Jane Correa,M,B,Cholera,56,217229,19.4
S9636705Y,Wayne Haynes,M,AB,COVID-19,18,364161,23.6
G8689058O,Barbara Summers,F,O,Typhoid,76,808168,36.3
F6884549S,Violet Trower,M,AB,Smallpox,51,755546,21.4
T8809101Y,Richard Barroso,M,AB,Influenza,88,131192,31.8
S4072821E,Deborah Savage,M,AB,Measles,69,213015,36.7
S8407431Y,Rodney Campos,M,AB,Mumps,33,405087,33.9
G7559803T,Charles Sweeney,M,A,Hepatitis,31,804862,32.4
G4442654I,Jennifer Robinson,M,AB,COVID-19,28,135698,36.2
T4847362D,John Morris,M,A,Measles,78,247308,27.1
G1568007L,Julie Lara,F,A,Cholera,76,664277,37.0
S1040931Z,Edward Uzelac,F,AB,Rubella,35,351354,39.9
T1725142W,Laura Langlois,F,A,Plague,85,301850,19.9
S7814856H,Nancy Greeley,F,A,Chikungunya,43,272764,33.9
G0852951Y,James Noonan,M,AB,Malaria,33,606092,25.1
T3533959O,Danielle Waldron,F,B,Measles,64,539591,27.5
T4421778N,Tanya Powell,M,O,Anthrax,31,189902,20.2
T7136424A,Gloria Johnson,M,AB,Rabies,50,638245,31.0
F5871885W,William Mcintyre,F,AB,Anthrax,29,448085,22.5
F6236228A,David Smith,M,A,Rubella,79,612175,26.9
G2132849Y,Robert Mcbee,M,O,Diphtheria,50,612506,26.4
T6437870H,Barbara Anderson,M,B,Nipah,60,271399,39.9
T0746506J,Geraldine Smith,F,O,Chikungunya,20,260094,31.3
F6766584V,Irene Robinson,F,A,Pneumococcal,36,156651,22.2
G1988618I,Edward Bruce,F,AB,COVID-19,69,428234,23.1
F0073772J,Vincent Merchant,M,B,Typhoid,22,127364,33.1
G5277447H,Henry Ramirez,M,A,Hepatitis,57,174831,31.1
S8771746N,Jessie Avalos,M,A,Pneumococcal,18,727449,23.1
F0420392P,Mary Regan,M,A,Malaria,74,656898,28.3
T5877930Z,Louis Tufts,F,A,Diphtheria,71,156496,39.1
T6821672Y,Tabitha Placha,M,O,Hepatitis,21,115465,23.5
F7745942H,Doris Nevill,M,A,Dengue,85,191043,25.8
T4141443Y,Todd Cooks,M,AB,Mumps,42,598545,32.1
F2764166F,William Evans,M,A,Diphtheria,60,662350,29.2
G9338410T,Jackie Grundy,F,AB,Influenza,73,578105,30.2
T0032657I,Catherine Hartis,M,B,Malaria,25,506625,33.8
G4204035M,Crystal Boring,M,AB,Smallpox,40,203726,29.9
F9952747B,Mary Segura,F,O,Chikungunya,66,756232,23.4
F3117037H,Gwendolyn Marrow,F,B,Measles,74,546797,20.0
S3305933X,Paul Yoon,F,A,Rubella,43,247445,38.1
S4957735Y,Frankie Hark,F,B,Anthrax,55,126919,21.0
T4370851U,Lena Russom,M,A,Typhoid,54,287977,28.9
F2082101A,Rachel Smith,M,O,Dengue,78,782711,19.7
S1165304F,Jessica Faris,M,AB,Cholera,57,244656,32.0
G6635490U,Patricia Tompkins,F,A,Chikungunya,59,358450,23.3
F7900864X,Lynne Juarez,M,B,Chickenpox,89,432643,20.9
S2258881K,William Ezpeleta,M,AB,Typhoid,69,114450,36.0
T2903180P,Michael Chaligoj,F,AB,Cholera,23,408223,28.4
S2323507B,Joyce Gannon,F,O,Anthrax,41,683999,28.4
G5715914C,Tina Jones,F,A,HIV/ AIDS,41,522698,18.7
T5710571J,Mary Joy,F,AB,Mumps,74,657134,38.3
G0888877J,Shirley Lickliter,M,B,HIV/ AIDS,56,221412,25.2
T6672299S,Sylvia Hernandez,F,B,Food Poisoning,21,555757,35.5
S7453456Y,James Creasman,M,AB,Typhoid,47,695316,26.3
G4698877W,Lillian Chouinard,F,O,Cholera,54,401299,21.4
F7337894P,David Fimbres,F,AB,Rubella,78,197498,27.6
T6066355E,Millie Linn,F,B,Chickenpox,78,503316,20.3
G1118796E,James Greenberg,F,AB,Rubella,69,432819,32.9
T3524447G,Roger Beckman,M,B,Food Poisoning,21,698217,33.4
T8572440H,David Burns,F,AB,Diphtheria,32,774727,26.5
F0312204W,Catherine Ranallo,M,B,Anthrax,22,215603,34.5
F8747209R,Dan Ahrens,F,A,Food Poisoning,22,593452,31.4
G8567705U,Eric Dimmick,M,O,Smallpox,57,136282,28.9
T9296201D,Vernon Brown,F,B,Rabies,71,364725,20.8
F3162422F,Pam Dembitzer,M,A,Pneumococcal,47,234763,24.8
F0105326S,Devon Archie,M,B,Conjunctivitis,75,715190,26.3
G5766452E,Joanne Miller,M,AB,Plague,79,634405,37.3
T7377588O,Susan Gonzalez,F,AB,Smallpox,86,236486,28.8
T6224202R,Brian Shell,F,AB,Pneumococcal,24,466738,37.1
S4548518J,Maggie Mcbride,F,AB,Typhoid,24,480334,19.2
G9149442Z,Latasha Randall,F,B,Mumps,69,560210,35.4
